1,"2023-11-02 07:30:31.152581",0.0,1.0,0.0,251.750823974609,50.1498489379883,906.349975585938,1455.27600097656,1504.51440429688,364.0,-2.23772627959808e+16,989.753540039063
2,"2023-11-02 07:30:35.224132",0.0,1.0,0.0,251.851181030273,50.1562843322754,906.425048828125,1455.37255859375,1504.6884765625,366.0,-2.29402127494021e+16,989.837890625
3,"2023-11-02 07:30:39.262544",0.0,1.0,0.0,251.913024902344,50.1591300964355,906.520263671875,1455.47143554688,1504.77392578125,368.0,-2.35031627028234e+16,989.889526367188
4,"2023-11-02 07:30:49.179866",-43.7197113037109,-0.146895840764046,297.623901367188,252.061065673828,50.1593208312988,906.520263671875,1455.47143554688,1504.77966308594,,-2.49105375863767e+16,989.963562011719
5,"2023-11-02 07:30:53.231642",0.0,1.0,0.0,252.587036132813,50.1676788330078,906.595153808594,1455.66162109375,1505.03039550781,372.0,-2.5473487539798e+16,989.964233398438
6,"2023-11-02 07:30:57.322204",0.0,1.0,0.0,252.732696533203,50.1698150634766,906.637634277344,1455.76306152344,1505.09448242188,374.0,-2.60364374932193e+16,990.030639648438
7,"2023-11-02 07:31:01.375674",0.0,1.0,0.0,252.905166625977,50.1713447570801,906.637939453125,1455.76525878906,1505.14038085938,376.0,-2.65993874466406e+16,990.030822753906
8,"2023-11-02 07:31:05.461099",187.810272216797,0.559019505977631,335.963714599609,252.996047973633,50.1725273132324,906.690063476563,1455.85864257813,1505.17578125,378.0,-2.7162337400062e+16,990.111694335938
9,"2023-11-02 07:31:09.542981",321.726287841797,-0.985138237476349,0.0,254.331436157227,50.1769752502441,906.779541015625,1455.94934082031,1505.30920410156,380.0,-2.77252873534833e+16,990.16015625
10,"2023-11-02 10:14:33.146030",0.0,-0.907109975814819,349.128967285156,252.24560546875,50.0085754394531,935.373779296875,1499.78991699219,1500.25732421875,5920.0,-1.071977263669e+24,1020.26501464844
11,"2023-11-02 10:14:37.272930",3.17229652404785,0.0092370705679059,343.431030273438,252.258697509766,50.0082702636719,935.374572753906,1499.88513183594,1500.29235839844,5952.0,-1.09086672960048e+24,1020.31750488281
12,"2023-11-02 10:14:41.314979",0.0,1.0,0.0,252.255584716797,50.0117797851563,935.374572753906,1499.88513183594,1500.33129882813,5952.0,-1.10975619553196e+24,1020.31756591797
13,"2023-11-02 10:14:45.353530",0.0,1.0,0.0,252.252014160156,50.0090980529785,935.451293945313,1499.97888183594,1500.255859375,5984.0,-1.13336802794631e+24,1020.4072265625
14,"2023-11-02 10:14:49.445298",0.0,1.0,0.0,252.231842041016,50.0051612854004,935.451293945313,1499.97888183594,1500.14514160156,5984.0,-1.15225749387779e+24,1020.41424560547
15,"2023-11-02 10:14:53.535220",0.0,1.0,0.0,252.218719482422,50.0057411193848,935.451293945313,1499.97888183594,1500.16149902344,5984.0,-1.17114695980927e+24,1020.41424560547
16,"2023-11-02 10:14:57.629299",-140.837326049805,0.421434909105301,334.185211181641,252.213485717773,50.0041542053223,935.547241210938,1500.07470703125,1500.12463378906,6016.0,-1.19003642574074e+24,1020.48748779297
17,"2023-11-02 10:15:07.590921",0.0,1.0,0.0,252.249450683594,50.0032081604004,935.547241210938,1500.07470703125,,6048.0,-1.26559436152425e+24,1020.61413574219
18,"2023-11-02 10:15:11.646389",0.0,1.0,0.0,252.321716308594,50.0035552978516,935.642272949219,1500.17407226563,1500.10668945313,6080.0,-1.30337329338721e+24,1020.61547851563
19,"2023-11-02 10:15:15.706671",-106.68936920166,-0.304278671741486,350.630432128906,252.273742675781,50.0047416687012,935.642272949219,1500.17407226563,1500.14221191406,6080.0,-1.34115222525017e+24,1020.68664550781
20,"2023-11-02 10:15:19.706830",-207.477478027344,0.638943910598755,324.719421386719,252.332916259766,50.003662109375,935.743896484375,1500.27990722656,1500.10986328125,6112.0,-1.37893115711312e+24,1020.71789550781
21,"2023-11-02 10:15:23.898529",0.0,1.0,0.0,252.365692138672,50.004825592041,935.744018554688,1500.28295898438,1500.14477539063,6144.0,-1.41671008897608e+24,1020.71789550781
22,"2023-11-02 10:15:28.010615",0.0,1.0,349.509643554688,252.379852294922,50.0055961608887,935.83935546875,1500.38000488281,1500.16784667969,6176.0,-1.45448902083904e+24,1020.78509521484
23,"2023-11-02 10:15:32.068157",0.0,1.0,0.0,252.376510620117,50.0060768127441,935.83935546875,1500.38000488281,1500.18225097656,6176.0,-1.492267952702e+24,1020.83135986328
24,"2023-11-02 10:15:36.079586",0.0,1.0,0.0,252.399993896484,50.0119552612305,935.83935546875,1500.38000488281,1500.35864257813,6208.0,-1.53004688456495e+24,1020.85144042969
25,"2023-11-02 10:15:40.134753",85.8553314208984,1.0,0.0,252.453430175781,50.0145034790039,935.900207519531,1500.56457519531,1500.43505859375,6240.0,-1.56782581642791e+24,1020.91296386719
26,"2023-11-02 10:15:44.176669",0.0,1.0,0.0,252.506820678711,50.0148239135742,935.900207519531,1500.56457519531,1500.47680664063,6240.0,-1.60560474829087e+24,1020.91296386719
27,"2023-11-02 10:15:48.190415",330.430328369141,-0.918715596199036,359.66552734375,252.425415039063,50.014965057373,935.991943359375,1500.66455078125,1500.48071289063,6272.0,-1.64338368015382e+24,1020.96264648438
28,"2023-11-02 10:15:52.218191",6.92769479751587,0.142749786376953,48.5303344726563,252.353210449219,50.0170707702637,935.993896484375,1500.67810058594,1500.48010253906,6304.0,-1.68116261201678e+24,1021.01159667969
29,"2023-11-02 10:15:56.291933",0.0,1.0,0.0,252.304901123047,50.0168113708496,935.993896484375,1500.76208496094,1500.53271484375,6336.0,-1.71894154387974e+24,1021.05639648438
30,"2023-11-02 10:16:00.363589",0.0,1.0,0.0,252.30387878418,50.0163879394531,936.076538085938,1500.76208496094,1500.52087402344,6336.0,-1.76616520870844e+24,1021.08837890625
31,"2023-11-02 10:16:04.486376",0.0,1.0,0.0,252.279693603516,50.0199279785156,936.076538085938,1500.76208496094,1500.62036132813,6336.0,-1.80394414057139e+24,1021.08996582031
32,"2023-11-02 10:16:08.547469",-175.706420898438,0.501984715461731,350.0234375,252.233444213867,50.0226593017578,936.076538085938,1500.76208496094,1500.75708007813,6336.0,-1.84172307243435e+24,1021.11633300781
33,"2023-11-02 10:16:12.577575",172.639114379883,-0.446070075035095,387.022369384766,252.257186889648,50.0303840637207,936.124450683594,1500.86962890625,1500.91149902344,6368.0,-1.87950200429731e+24,1021.14575195313
34,"2023-11-02 10:16:16.707309",0.0,1.0,0.0,252.286651611328,50.032527923584,936.125549316406,1500.87182617188,1500.97583007813,6400.0,-1.91728093616026e+24,1021.14636230469
35,"2023-11-02 10:16:20.787819",0.0,1.0,0.0,252.32649230957,50.0340347290039,936.20166015625,1500.98071289063,1501.02099609375,6432.0,-1.95505986802322e+24,1021.20434570313
36,"2023-11-02 10:16:24.909454",0.0,1.0,0.0,252.352233886719,50.0374221801758,936.20166015625,1500.98071289063,1501.12268066406,6432.0,-1.99283879988618e+24,1021.21215820313
37,"2023-11-02 10:16:28.998357",0.0,1.0,0.0,252.36994934082,50.0397911071777,936.20166015625,1500.98071289063,1501.19372558594,6432.0,-2.03061773174914e+24,1021.26171875
38,"2023-11-02 10:16:33.088853",314.748138427734,1.0,0.0,252.428298950195,50.0452613830566,936.289184570313,1501.07800292969,1501.35778808594,6464.0,-2.06839666361209e+24,1021.3408203125
39,"2023-11-02 10:16:37.167190",0.0,1.0,0.0,250.986206054688,50.049488067627,936.289184570313,1501.07800292969,1501.45166015625,6464.0,-2.10617559547505e+24,1021.3408203125
40,"2023-11-02 10:16:41.303145",196.254302978516,-0.605504810810089,324.116851806641,251.136657714844,50.0511093139648,936.343688964844,1501.16821289063,1501.49731445313,6496.0,-2.14395452733801e+24,1021.38610839844
41,"2023-11-02 10:16:45.374281",20.0398101806641,0.555882036685944,36.0504722595215,251.270324707031,50.0507392883301,936.349243164063,1501.17810058594,1501.60668945313,6528.0,-2.1911781921667e+24,1021.43438720703
42,"2023-11-02 10:16:49.451351",0.0,1.0,0.0,251.316055297852,50.0553665161133,936.349243164063,1501.17810058594,1501.73681640625,6528.0,-2.22895712402966e+24,1021.486328125
43,"2023-11-02 10:16:53.778613",0.0,1.0,0.0,251.309295654297,50.0592460632324,936.413208007813,1501.27307128906,1501.77734375,6560.0,-2.26673605589262e+24,1021.55078125
44,"2023-11-02 10:16:57.915253",0.0,1.0,0.0,251.251159667969,50.058422088623,936.413208007813,1501.27307128906,1501.75268554688,6560.0,-2.30451498775557e+24,1021.55090332031
45,"2023-11-02 10:17:02.038329",189.390640258789,-0.565665364265442,0.0,251.288940429688,50.0561447143555,936.4658203125,1501.36596679688,1501.68432617188,6592.0,-2.34229391961853e+24,1021.61938476563
46,"2023-11-02 10:17:12.030973",344.802520751953,1.0,,251.413558959961,50.058048248291,936.585083007813,1501.55737304688,1501.74145507813,6656.0,-2.45563085932259e+24,1021.68395996094
47,"2023-11-02 10:17:16.122318",0.0,-0.534087598323822,356.363159179688,251.424957275391,50.0573692321777,936.597106933594,1501.65734863281,1501.72106933594,6688.0,-2.53118872304851e+24,1021.71911621094
48,"2023-11-02 10:17:20.263448",0.0,1.0,0.0,251.432434082031,50.058837890625,936.597106933594,1501.65734863281,1501.77453613281,6720.0,-2.60674658677442e+24,1021.73919677734
49,"2023-11-02 10:17:24.274567",0.0,1.0,0.0,251.440872192383,50.0579833984375,936.634155273438,1501.89477539063,1501.69067382813,6752.0,-2.68230445050033e+24,1021.78021240234
50,"2023-11-02 10:17:28.327007",0.0,1.0,0.0,251.448120117188,50.057674407959,936.658142089844,1501.90087890625,1501.68188476563,6784.0,-2.75786231422625e+24,1021.78356933594
51,"2023-11-02 10:17:32.443097",-283.332214355469,0.976191639900208,290.242401123047,251.42155456543,50.0536842346191,936.658142089844,1501.90087890625,1501.56970214844,6784.0,-2.85230964388364e+24,1021.826171875
52,"2023-11-02 10:17:36.556739",-34.2186698913574,0.0999771729111671,342.264831542969,251.369491577148,50.0487327575684,936.71484375,1501.99682617188,1501.43054199219,6816.0,-2.92786750760956e+24,1021.86206054688
53,"2023-11-02 10:17:40.568612",0.0,1.0,0.0,249.983413696289,50.0460472106934,936.71484375,1501.99682617188,1501.38146972656,6816.0,-3.00342537133547e+24,1021.86291503906
54,"2023-11-02 10:17:44.579312",0.0,1.0,0.0,249.976165771484,50.046703338623,936.788879394531,1502.09887695313,1501.40112304688,6848.0,-3.07898323506138e+24,1021.91680908203
55,"2023-11-02 10:17:48.637608",0.0,1.0,0.0,249.951919555664,50.0433387756348,936.788879394531,1502.09887695313,1501.30017089844,6848.0,-3.1545410987873e+24,1021.93829345703
56,"2023-11-02 10:17:58.620332",0.0,1.0,0.0,,50.0372695922852,936.915283203125,1502.28540039063,1501.11804199219,6912.0,-3.34343575810208e+24,1022.05212402344
57,"2023-11-02 10:18:02.679893",0.0,1.0,0.0,249.747253417969,50.0341835021973,936.915283203125,1502.28540039063,1501.02551269531,6912.0,-3.418993621828e+24,1022.05212402344
58,"2023-11-02 10:18:06.797888",0.0,1.0,0.0,249.630477905273,50.0336647033691,936.958984375,1502.38415527344,1501.00988769531,6944.0,-3.49455148555391e+24,1022.12182617188
59,"2023-11-02 10:18:10.925386",0.0,1.0,0.0,249.620422363281,50.0260047912598,936.960021972656,1502.39489746094,1500.78015136719,6976.0,-3.57010934927983e+24,1022.12237548828
60,"2023-11-02 10:18:14.965807",0.228850528597832,-0.000745866214856505,0.0,249.579635620117,50.0237274169922,936.960083007813,1502.48010253906,1500.71179199219,7008.0,-3.64566721300574e+24,1022.16271972656
61,"2023-11-02 10:18:19.058892",356.552764892578,0.947546303272247,0.0,249.564727783203,50.0183296203613,937.059020996094,1502.58471679688,1500.54992675781,7040.0,-3.72122507673166e+24,1022.21826171875
62,"2023-11-02 10:18:23.145842",0.0,1.0,0.0,249.587448120117,50.01416015625,937.059020996094,1502.58471679688,1500.39819335938,7040.0,-3.79678294045757e+24,1022.21826171875
63,"2023-11-02 10:18:33.064650",-138.212417602539,-0.390987038612366,353.496185302734,249.601867675781,50.0109367370605,937.059020996094,1502.58471679688,1500.3076171875,7040.0,,1022.32672119141
64,"2023-11-02 10:18:37.158750",-267.118225097656,1.0,0.0,249.355621337891,50.0037422180176,937.157104492188,1502.68615722656,1500.10522460938,7072.0,-4.06123546349827e+24,1022.37854003906
65,"2023-11-02 10:18:41.197590",0.0,1.0,0.0,249.356185913086,50.0010223388672,937.248168945313,1502.77795410156,1500.02868652344,7104.0,-4.13679332722419e+24,1022.42785644531
66,"2023-11-02 10:18:45.290583",0.0,1.0,0.0,249.400619506836,49.9950180053711,937.248168945313,1502.77795410156,1499.85986328125,7104.0,-4.2123511909501e+24,1022.42785644531
67,"2023-11-02 10:18:49.419179",-323.556793212891,-0.855999171733856,377.9873046875,249.44775390625,49.990306854248,937.248168945313,1502.77795410156,1499.66516113281,7104.0,-4.30679852060749e+24,1022.48828125
68,"2023-11-02 10:18:53.454555",0.0,1.0,0.0,249.50732421875,49.9849586486816,937.316955566406,1502.87731933594,1499.5146484375,7136.0,-4.38235638433341e+24,1022.52551269531
69,"2023-11-02 10:18:57.502987",0.0,1.0,0.0,249.57194519043,49.9808235168457,937.410217285156,1502.97094726563,1499.3984375,7168.0,-4.45791424805932e+24,1022.57604980469
70,"2023-11-02 10:19:01.600300",0.0,1.0,0.0,249.562530517578,49.9769554138184,937.410217285156,1502.97094726563,1499.30871582031,7168.0,-4.53347211178524e+24,1022.59326171875
71,"2023-11-02 10:19:05.591478",0.0,1.0,0.0,249.545822143555,49.9746475219727,937.410217285156,1502.97094726563,1499.23937988281,7168.0,-4.60902997551115e+24,1022.59326171875
72,"2023-11-02 10:19:09.632984",-251.237152099609,-0.675130665302277,372.131164550781,249.546234130859,49.9672927856445,937.410217285156,1502.97094726563,1499.01879882813,7168.0,-4.68458783923706e+24,1022.66821289063
73,"2023-11-02 10:19:13.672384",-3.10123562812805,0.229535058140755,13.5109453201294,249.509811401367,49.9631576538086,937.491577148438,1503.07580566406,1498.89477539063,7200.0,-4.76014570296298e+24,1022.71276855469
74,"2023-11-02 10:19:17.708338",0.0,1.0,0.0,249.439651489258,49.9622764587402,937.590270996094,1503.18017578125,1498.86828613281,7232.0,-4.83570385491927e+24,1022.76623535156
75,"2023-11-02 10:19:21.746107",0.0,1.0,0.0,249.413391113281,49.9596099853516,937.628234863281,1503.28234863281,1498.78833007813,7264.0,-4.9868195823711e+24,1022.83630371094
76,"2023-11-02 10:19:27.948516",0.0,1.0,0.0,249.368240356445,49.9547080993652,937.628234863281,1503.28234863281,1498.64123535156,7264.0,-5.21349317354884e+24,1022.88684082031
77,"2023-11-02 10:19:32.470178",0.0,1.0,0.0,249.458969116211,49.9499053955078,937.726623535156,1503.38745117188,1498.52880859375,7296.0,-5.40238783286363e+24,1022.95812988281
78,"2023-11-02 10:19:36.503810",0.0,1.0,0.0,249.499237060547,49.9537467956543,937.726623535156,1503.38745117188,1498.57458496094,7296.0,-5.55350356031546e+24,1022.95812988281
79,"2023-11-02 10:19:40.589328",354.320037841797,0.977102816104889,362.623077392578,249.689590454102,49.9522094726563,937.825012207031,1503.48815917969,1498.56628417969,7328.0,-5.70461928776728e+24,1023.01147460938
80,"2023-11-02 10:19:50.554068",-3.55122232437134,-0.158017233014107,,250.038909912109,49.9557952880859,937.864074707031,1503.66320800781,1498.69445800781,7392.0,-6.08240860639686e+24,1023.08349609375
81,"2023-11-02 10:19:54.654015",0.0,1.0,0.0,250.153823852539,49.9533462524414,937.864074707031,1503.66320800781,1498.60034179688,7392.0,-6.23352433384868e+24,1023.09948730469
82,"2023-11-02 10:19:58.703221",0.0,1.0,0.0,250.218826293945,49.95263671875,937.864074707031,1503.66320800781,1498.5791015625,7392.0,-6.38464006130051e+24,1023.10241699219
83,"2023-11-02 10:20:02.771801",365.097106933594,0.999000012874603,365.098541259766,250.337265014648,49.953784942627,937.965515136719,1503.76477050781,1498.61352539063,7424.0,-6.53575578875234e+24,1023.16827392578
84,"2023-11-02 10:20:06.857080",-1.66581296920776,0.251104146242142,6.63395261764526,250.341720581055,49.9547996520996,937.965515136719,1503.76477050781,1498.64404296875,7424.0,-6.68687151620417e+24,1023.16851806641
85,"2023-11-02 10:20:10.942251",0.0,1.0,368.696319580078,250.390838623047,49.9537467956543,937.965515136719,1503.76477050781,1498.61242675781,7424.0,-6.837987243656e+24,1023.16864013672
86,"2023-11-02 10:20:15.032505",0.0,1.0,352.54345703125,250.296524047852,49.949161529541,937.965515136719,1503.76477050781,1498.47485351563,7424.0,-6.98910297110783e+24,1023.22808837891
87,"2023-11-02 10:20:19.072806",0.0,1.0,0.0,250.297653198242,49.9456214904785,937.965515136719,1503.76477050781,1498.36865234375,7424.0,-7.14021869855966e+24,1023.22808837891
88,"2023-11-02 10:20:23.107475",-209.663864135742,1.0,0.0,250.295211791992,49.9428863525391,937.965515136719,1503.76477050781,1498.26916503906,7456.0,-7.29133442601148e+24,1023.30212402344
89,"2023-11-02 10:20:27.140952",209.50309753418,1.0,0.0,250.351440429688,49.9407730102539,938.102111816406,1503.95739746094,1498.20971679688,7488.0,-7.44245015346331e+24,1023.33367919922
90,"2023-11-02 10:20:31.175268",0.0,1.0,0.0,250.369857788086,49.9391403198242,938.102111816406,1503.95739746094,1498.10168457031,7488.0,-7.59356588091514e+24,1023.33367919922
91,"2023-11-02 10:20:41.087097",-81.0148086547852,0.221933156251907,365.04150390625,251.995529174805,49.9382476806641,938.192565917969,1504.05139160156,1498.20092773438,7520.0,-7.74468160836697e+24,
92,"2023-11-02 10:20:45.102708",-367.495300292969,1.0,0.0,251.876663208008,49.9367790222168,938.202270507813,1504.14904785156,1498.09741210938,7552.0,-8.12247092699654e+24,1023.48815917969
93,"2023-11-02 10:20:49.147675",4.92830991744995,1.0,0.0,251.864303588867,49.9360542297363,938.203674316406,1504.15161132813,1498.07702636719,7584.0,-8.27358665444837e+24,1023.48889160156
94,"2023-11-02 10:20:53.367233",-308.978302001953,-0.848255455493927,364.25146484375,251.838470458984,49.9354972839355,938.203674316406,1504.15161132813,1498.06140136719,7584.0,-8.46248131376316e+24,1023.53540039063
95,"2023-11-02 10:20:57.454317",290.296600341797,-0.88353568315506,328.562377929688,251.86279296875,49.9350662231445,938.331359863281,1504.34399414063,1498.04919433594,7648.0,-8.61359704121499e+24,1023.60461425781
96,"2023-11-02 10:21:01.490412",0.0,1.0,0.0,251.847030639648,49.9329109191895,938.331359863281,1504.34399414063,1497.98852539063,7648.0,-8.76471276866681e+24,1023.60461425781
97,"2023-11-02 10:21:05.609093",0.0,1.0,0.0,251.806365966797,49.9330978393555,938.452514648438,1504.55517578125,1497.99291992188,7712.0,-8.91582849611864e+24,1023.67028808594
98,"2023-11-02 10:21:09.724967",0.0,1.0,0.0,251.829940795898,49.9332122802734,938.452514648438,1504.55517578125,1497.99633789063,7712.0,-9.06694422357047e+24,1023.72082519531
99,"2023-11-02 10:21:13.842240",0.0,1.0,0.0,251.861206054688,49.9351234436035,938.452514648438,1504.55517578125,1498.0537109375,7712.0,-9.2180599510223e+24,1023.76867675781
100,"2023-11-02 10:21:17.827440",-138.623321533203,-0.382939666509628,0.0,251.861511230469,49.9384307861328,938.452514648438,1504.55517578125,1498.15295410156,7712.0,-9.36917567847413e+24,1023.79339599609
101,"2023-11-02 10:21:21.932576",0.0,1.0,0.0,251.887283325195,49.9394073486328,938.459655761719,1504.5654296875,1498.18225097656,7744.0,-9.52029140592596e+24,1023.79339599609
102,"2023-11-02 10:21:25.990620",0.0,1.0,338.263275146484,251.863327026367,49.9438171386719,938.553039550781,1504.65942382813,1498.314453125,7776.0,-9.67140770983854e+24,1023.85223388672
103,"2023-11-02 10:21:29.992301",0.0,0.715929448604584,48.0569686889648,251.901077270508,49.9434356689453,938.5634765625,1504.76135253906,1498.30310058594,7808.0,-9.9736391647422e+24,1023.86303710938
104,"2023-11-02 10:21:34.058198",0.0,1.0,0.0,251.921264648438,49.9411964416504,938.5634765625,1504.76135253906,1498.23583984375,7840.0,-1.02758706196459e+25,1023.86791992188
105,"2023-11-02 10:21:38.114145",-335.704498291016,1.0,0.0,251.917953491211,49.9414100646973,938.572387695313,1504.84619140625,1498.24230957031,7840.0,-1.05781020745495e+25,1023.92358398438
106,"2023-11-02 10:21:42.218339",0.0,1.0,0.0,251.912399291992,49.9414558410645,938.572998046875,1504.8486328125,1498.22888183594,7872.0,-1.08803335294532e+25,1023.92395019531
107,"2023-11-02 10:21:46.322573",-61.5935287475586,-0.164798185229301,373.751251220703,251.893768310547,49.9436874389648,938.572998046875,1504.8486328125,1498.29174804688,7872.0,-1.11825649843568e+25,1023.93322753906
108,"2023-11-02 10:21:50.368459",33.9759292602539,-0.0990736857056618,342.935943603516,251.905319213867,49.9413948059082,938.686401367188,1505.05029296875,1498.22717285156,7936.0,-1.15603543029864e+25,1023.99462890625
109,"2023-11-02 10:21:54.415995",0.0,1.0,0.0,251.883422851563,49.9396209716797,938.686401367188,1505.05029296875,1498.17724609375,7936.0,-1.18625857578901e+25,1023.99462890625
110,"2023-11-02 10:21:58.425083",0.0,1.0,0.0,251.934127807617,49.9403228759766,938.701110839844,1505.15490722656,1498.25939941406,7968.0,-1.21648172127937e+25,1024.05786132813
111,"2023-11-02 10:22:02.487572",0.0,1.0,0.0,251.913848876953,49.9425773620605,938.701110839844,1505.15490722656,1498.26049804688,7968.0,-1.24670486676974e+25,1024.07067871094
112,"2023-11-02 10:22:06.591618",0.0,1.0,0.0,251.911148071289,49.9419250488281,938.701110839844,1505.15490722656,1498.2578125,7968.0,-1.2769280122601e+25,1024.07067871094
113,"2023-11-02 10:22:10.721955",357.849731445313,0.999000012874603,357.850067138672,251.869583129883,49.9400329589844,938.800476074219,1505.25427246094,1498.20092773438,8000.0,-1.30715115775047e+25,1024.13330078125
114,"2023-11-02 10:22:14.780071",0.0,1.0,0.0,251.953125,49.9401893615723,938.801452636719,1505.25512695313,1498.20568847656,8032.0,-1.33737430324083e+25,1024.13330078125
115,"2023-11-02 10:22:18.882826",0.0,1.0,0.0,252.001754760742,49.9462432861328,938.89208984375,1505.34680175781,1498.38732910156,8064.0,-1.3675974487312e+25,1024.20031738281
116,"2023-11-02 10:22:22.984618",0.0,1.0,21.0433330535889,252.104080200195,49.947135925293,938.89208984375,1505.34680175781,1498.4140625,8064.0,-1.39782059422157e+25,1024.251953125
117,"2023-11-02 10:22:27.061862",0.0,1.0,0.0,252.272308349609,49.945728302002,938.89208984375,1505.34680175781,1498.37182617188,8064.0,-1.42804373971193e+25,1024.29357910156
118,"2023-11-02 10:22:31.127431",288.514282226563,1.0,0.0,252.368515014648,49.9429664611816,938.972290039063,1505.45300292969,1498.27136230469,8128.0,-1.4582668852023e+25,1024.37133789063
119,"2023-11-02 10:22:35.187800",0.0,1.0,0.0,252.481140136719,49.9408340454102,939.03564453125,1505.55419921875,1498.21142578125,8128.0,-1.48849003069266e+25,1024.37133789063
120,"2023-11-02 10:22:45.126610",290.341278076172,-0.808471322059631,359.123779296875,252.353393554688,49.9432067871094,939.116271972656,1505.65393066406,1498.34033203125,8160.0,-1.51871317618303e+25,
121,"2023-11-02 10:22:49.194773",0.0,1.0,0.0,252.097030639648,49.9381942749023,939.116271972656,1505.65393066406,1498.13720703125,8160.0,-1.59427103990894e+25,1024.54077148438
122,"2023-11-02 10:22:53.304582",0.0,1.0,0.0,252.015991210938,49.9389724731445,939.1181640625,1505.89135742188,1498.09692382813,8256.0,-1.62449418539931e+25,1024.58740234375
123,"2023-11-02 10:22:57.437301",0.0,1.0,0.0,251.967758178711,49.9360389709473,939.202270507813,1505.89135742188,1498.07653808594,8256.0,-1.66227311726227e+25,1024.58740234375
124,"2023-11-02 10:23:01.552413",209.061996459961,0.592544853687286,352.820526123047,251.875885009766,49.9334106445313,939.260375976563,1505.98962402344,1497.94055175781,8320.0,-1.69249626275263e+25,1024.61889648438
125,"2023-11-02 10:23:05.561997",-3.94995188713074,0.0784996524453163,50.3180847167969,251.717132568359,49.9279670715332,939.351257324219,1506.08703613281,1497.83898925781,8384.0,-1.722719408243e+25,1024.66870117188
126,"2023-11-02 10:23:09.569981",0.0,1.0,0.0,251.444854736328,49.9217071533203,939.379699707031,1506.17126464844,1497.65124511719,8448.0,-1.75294255373336e+25,1024.68408203125
127,"2023-11-02 10:23:13.629572",0.0,1.0,0.0,251.206771850586,49.9168701171875,939.532348632813,1506.37841796875,1497.50610351563,8576.0,-1.78316569922373e+25,1024.76684570313
128,"2023-11-02 10:23:17.728642",0.0,1.0,0.0,251.07600402832,49.9110679626465,939.532348632813,1506.37841796875,1497.33203125,8576.0,-1.81338884471409e+25,1024.76708984375
129,"2023-11-02 10:23:21.769966",65.5835723876953,0.175385192036629,373.940216064453,251.06591796875,49.9051322937012,939.550537109375,1506.48217773438,1497.15393066406,8640.0,-1.84361199020446e+25,1024.82897949219
130,"2023-11-02 10:23:25.819785",319.079193115234,-0.861615657806396,370.326629638672,251.064300537109,49.9004249572754,939.735168457031,1506.6875,1497.0126953125,8768.0,-1.87383513569483e+25,1024.87707519531
131,"2023-11-02 10:23:29.904926",0.0,1.0,0.0,251.05403137207,49.8929023742676,939.735168457031,1506.6875,1496.787109375,8768.0,-1.90405828118519e+25,1024.87707519531
132,"2023-11-02 10:23:33.954616",0.0,1.0,353.240905761719,251.054046630859,49.8908653259277,939.735168457031,1506.6875,1496.72595214844,8768.0,-1.93428154196771e+25,1024.91149902344
133,"2023-11-02 10:23:37.998100",0.0,1.0,0.0,251.046203613281,49.8855209350586,939.813842773438,1506.79138183594,1496.56567382813,8832.0,-1.99472783294844e+25,1024.9541015625
134,"2023-11-02 10:23:47.981337",0.0,1.0,0.0,251.040863037109,49.8868522644043,939.813842773438,1506.79138183594,1496.56372070313,8832.0,-2.05517412392917e+25,
135,"2023-11-02 10:23:52.089007",0.0,-0.968123555183411,338.028625488281,251.074584960938,49.8805847167969,939.918640136719,1506.9111328125,1496.41748046875,8960.0,-2.206289851381e+25,1025.10668945313
136,"2023-11-02 10:23:56.182058",0.0,0.598624050617218,375.711120605469,251.080627441406,49.8812942504883,939.956115722656,1507.01672363281,1496.41271972656,9024.0,-2.26673614236173e+25,1025.16076660156
137,"2023-11-02 10:24:00.270366",0.0,1.0,0.0,251.056686401367,49.8799438476563,939.956115722656,1507.01672363281,1496.43676757813,9024.0,-2.32718243334246e+25,1025.16271972656
138,"2023-11-02 10:24:04.361490",0.0,1.0,0.0,250.969848632813,49.8807258605957,940.046569824219,1507.20642089844,1496.45874023438,9152.0,-2.40274029706838e+25,1025.25927734375
139,"2023-11-02 10:24:08.452124",0.0,1.0,0.0,250.815826416016,49.8813285827637,940.139526367188,1507.31127929688,1496.41369628906,9216.0,-2.46318658804911e+25,1025.26245117188
140,"2023-11-02 10:24:12.485230",0.0,1.0,0.0,250.655960083008,49.8781547546387,940.139526367188,1507.31127929688,1496.32434082031,9216.0,-2.52363287902984e+25,1025.26245117188
141,"2023-11-02 10:24:16.502598",179.79084777832,0.535050690174103,336.025848388672,250.534271240234,49.8751792907715,940.189453125,1507.40454101563,1496.25537109375,9280.0,-2.58407917001057e+25,1025.29772949219
142,"2023-11-02 10:24:20.539546",0.0,1.0,0.0,250.443756103516,49.8718681335449,940.284301757813,1507.50366210938,1496.14758300781,9344.0,-2.6445254609913e+25,1025.34912109375
143,"2023-11-02 10:24:24.638294",0.0,1.0,0.0,250.372680664063,49.8664703369141,940.284301757813,1507.50366210938,1495.994140625,9344.0,-2.70497175197203e+25,1025.3740234375
144,"2023-11-02 10:24:28.726996",0.0,1.0,0.0,248.932800292969,49.8629150390625,940.284301757813,1507.50366210938,1495.88745117188,9344.0,-2.76541804295277e+25,1025.48132324219
145,"2023-11-02 10:24:32.826387",0.0,1.0,0.0,248.763168334961,49.8584785461426,940.284301757813,1507.50366210938,1495.75439453125,9344.0,-2.8258643339335e+25,1025.48132324219
146,"2023-11-02 10:24:36.914266",224.192459106445,0.642099499702454,0.0,248.666610717773,49.858570098877,940.346618652344,1507.60070800781,1495.75708007813,9408.0,-2.88631062491423e+25,1025.55847167969
147,"2023-11-02 10:24:40.968323",28.0596046447754,0.97868400812149,0.0,248.539245605469,49.85693359375,940.434448242188,1507.70727539063,1495.7080078125,9536.0,-2.94675691589496e+25,1025.56274414063
148,"2023-11-02 10:24:45.073957",0.0,-0.344430863857269,346.182800292969,248.433609008789,49.8536071777344,940.467529296875,1507.80322265625,1495.60815429688,9600.0,-3.00720320687569e+25,1025.58056640625
149,"2023-11-02 10:24:49.107529",0.0,0.54273384809494,365.507415771484,248.327301025391,49.8527374267578,940.467529296875,1507.80322265625,1495.58215332031,9600.0,-3.06764949785642e+25,1025.61145019531
150,"2023-11-02 10:24:53.222446",0.0,1.0,0.0,248.240325927734,49.8502578735352,940.467529296875,1507.80322265625,1495.47790527344,9600.0,-3.12809578883715e+25,1025.61242675781
151,"2023-11-02 10:24:57.259397",0.0,1.0,0.0,248.186859130859,49.8445739746094,940.467529296875,1507.80322265625,1495.31799316406,9600.0,-3.18854207981789e+25,1025.71484375
152,"2023-11-02 10:25:01.305263",0.0,1.0,0.0,248.039443969727,49.8422470092773,940.467529296875,1507.80322265625,1495.31457519531,9600.0,-3.24898837079862e+25,1025.75256347656
153,"2023-11-02 10:25:17.136734",0.0,1.0,0.0,,,940.653625488281,1508.10290527344,1495.26721191406,9856.0,-3.49077353472154e+25,1025.89086914063
154,"2023-11-02 10:25:21.192521",0.0,1.0,0.0,247.292892456055,49.8426666259766,940.77197265625,1508.29162597656,1495.26440429688,9984.0,-3.55121982570227e+25,1025.92138671875
155,"2023-11-02 10:25:25.280113",0.0,1.0,0.0,247.199066162109,49.8407745361328,940.778930664063,1508.30603027344,1495.21118164063,9984.0,-3.61166611668301e+25,1025.92138671875
156,"2023-11-02 10:25:29.383672",-335.804656982422,0.935417175292969,358.989196777344,247.151123046875,49.8393135070801,940.778930664063,1508.30603027344,1495.17016601563,9984.0,-3.68722398040892e+25,1026.00720214844
157,"2023-11-02 10:25:33.421953",-19.8204879760742,-0.444079250097275,44.6327705383301,247.096878051758,49.8400001525879,940.778930664063,1508.30603027344,1495.1826171875,9984.0,-3.74767027138965e+25,1026.06640625
158,"2023-11-02 10:25:37.527332",0.0,1.0,0.0,249.308853149414,49.8385276794434,940.778930664063,1508.30603027344,1495.2099609375,9984.0,-3.80811656237038e+25,1026.095703125
159,"2023-11-02 10:25:41.518168",0.0,1.0,0.0,249.30940246582,49.8409042358398,940.810363769531,1508.40563964844,1495.22717285156,10048.0,-3.86856308393542e+25,1026.11596679688
160,"2023-11-02 10:25:45.581997",0.0,1.0,0.0,249.293441772461,49.8413505554199,940.811645507813,1508.40832519531,1495.24047851563,10112.0,-3.98945566589688e+25,1026.11669921875
161,"2023-11-02 10:25:49.589847",334.738922119141,0.999000012874603,334.985931396484,249.29670715332,49.8418197631836,940.904663085938,1508.50134277344,1495.25463867188,10176.0,-4.11034824785834e+25,1026.1669921875
162,"2023-11-02 10:25:53.662784",281.866088867188,-0.775748193264008,363.347381591797,249.361633300781,49.8419342041016,941.070434570313,1508.69274902344,1495.25805664063,10304.0,-4.2312408298198e+25,1026.2568359375
163,"2023-11-02 10:25:57.966798",0.0,1.0,0.0,247.940368652344,49.8460235595703,941.070434570313,1508.69274902344,1495.38073730469,10304.0,-4.35213341178127e+25,1026.2568359375
164,"2023-11-02 10:26:02.075681",0.0,0.912704527378082,358.707641601563,247.950393676758,49.8471183776855,941.070434570313,1508.69274902344,1495.41357421875,10304.0,-4.47302599374273e+25,1026.34545898438
165,"2023-11-02 10:26:12.050224",0.0,1.0,0.0,,49.8428573608398,941.078063964844,1508.79809570313,1495.28576660156,10432.0,-4.77525744864639e+25,1026.427734375
166,"2023-11-02 10:26:16.091238",9.52481460571289,1.0,0.0,248.020782470703,49.8449211120605,941.120056152344,1508.90588378906,1495.34765625,10496.0,-4.89615003060785e+25,1026.42907714844
167,"2023-11-02 10:26:20.180683",0.0,-0.823246121406555,296.586486816406,248.057800292969,49.8461532592773,941.187927246094,1508.98815917969,1495.42443847656,10560.0,-5.01704261256931e+25,1026.4658203125
168,"2023-11-02 10:26:24.285767",-74.9208679199219,0.213387161493301,351.102996826172,248.07470703125,49.8471031188965,941.218322753906,1509.09240722656,1495.38916015625,10624.0,-5.13793519453078e+25,1026.49365234375
169,"2023-11-02 10:26:28.344047",0.0,1.0,0.0,248.034759521484,49.8442001342773,941.218322753906,1509.09240722656,1495.36950683594,10624.0,-5.2890509219826e+25,1026.49389648438
170,"2023-11-02 10:26:32.560703",0.0,1.0,0.0,247.980758666992,49.8455963134766,941.218322753906,1509.09240722656,1495.34680175781,10624.0,-5.40994350394407e+25,1026.5439453125
171,"2023-11-02 10:26:36.593269",0.0,1.0,0.0,249.319808959961,49.8443069458008,941.244323730469,1509.18347167969,1495.32922363281,10688.0,-5.53083608590553e+25,1026.55798339844
172,"2023-11-02 10:26:40.642427",0.0,1.0,0.0,249.27653503418,49.8437423706055,941.244323730469,1509.18347167969,1495.31225585938,10688.0,-5.65172866786699e+25,1026.55798339844
173,"2023-11-02 10:26:44.745920",168.693389892578,-0.509840548038483,330.874816894531,249.249542236328,49.8474197387695,941.3837890625,1509.37866210938,1495.42260742188,10816.0,-5.77262124982846e+25,1026.63427734375
174,"2023-11-02 10:26:48.801847",0.0,1.0,0.0,247.796691894531,49.8519554138184,941.384948730469,1509.47082519531,1495.55871582031,10880.0,-5.89351383178992e+25,1026.63427734375
175,"2023-11-02 10:26:52.897979",0.0,1.0,330.276184082031,247.756072998047,49.8554649353027,941.384948730469,1509.47082519531,1495.66394042969,10880.0,-6.01440641375138e+25,1026.68395996094
176,"2023-11-02 10:26:56.998602",0.0,1.0,173.705322265625,247.75553894043,49.8581733703613,941.388671875,1509.51904296875,1495.74523925781,10944.0,-6.13529899571284e+25,1026.73327636719
177,"2023-11-02 10:27:01.096873",0.0,1.0,0.0,247.759475708008,49.856632232666,941.388671875,1509.51904296875,1495.69897460938,11008.0,-6.25619157767431e+25,1026.75244140625
178,"2023-11-02 10:27:05.198179",227.642791748047,1.0,0.0,247.778244018555,49.8532638549805,941.487243652344,1509.70556640625,1495.5625,11136.0,-6.37708415963577e+25,1026.83837890625
179,"2023-11-02 10:27:09.250778",0.0,1.0,0.0,247.838195800781,49.8506965637207,941.589660644531,1509.8232421875,1495.490234375,11200.0,-6.49797674159723e+25,1026.84216308594
180,"2023-11-02 10:27:13.255817",109.279846191406,-0.351550728082657,310.850860595703,247.924270629883,49.8469772338867,941.619995117188,1509.90942382813,1495.38562011719,11264.0,-6.6188693235587e+25,1026.85864257813
181,"2023-11-02 10:27:17.315147",-76.2676391601563,0.212957188487053,358.136016845703,248.060638427734,49.8459167480469,941.64013671875,1510.0029296875,1495.29382324219,11328.0,-6.73976190552016e+25,1026.88110351563
182,"2023-11-02 10:27:21.403859",0.0,1.0,0.0,248.151412963867,49.8415832519531,941.641235351563,1510.00512695313,1495.23400878906,11392.0,-6.89087763297199e+25,1026.88159179688
183,"2023-11-02 10:27:31.367563",,1.0,0.0,249.605178833008,49.8344078063965,941.641235351563,1510.00512695313,1495.03210449219,11392.0,-7.19310908787565e+25,1027.03344726563
184,"2023-11-02 10:27:35.401089",-118.522918701172,-0.294675290584564,402.215301513672,249.578308105469,49.8343925476074,941.641235351563,1510.00512695313,1495.03161621094,11392.0,-7.31400166983711e+25,1027.05126953125
185,"2023-11-02 10:27:45.307997",156.681854248047,0.423737645149231,369.761474609375,249.435699462891,49.8343811035156,941.684875488281,1510.10791015625,1495.03149414063,11456.0,-7.43489425179857e+25,
186,"2023-11-02 10:27:55.284089",0.0,1.0,0.0,251.018249511719,49.8324432373047,,1510.30358886719,1495.0361328125,11584.0,-8.03935762277449e+25,1027.197265625
187,"2023-11-02 10:27:59.323519",-365.369110107422,0.966146767139435,378.171447753906,251.431915283203,49.8364410400391,941.870544433594,1510.30358886719,1495.08935546875,11584.0,-8.34158907767814e+25,1027.30041503906
188,"2023-11-02 10:28:03.373368",0.0,1.0,0.0,251.454452514648,49.8380317687988,941.872497558594,1510.30810546875,1495.13403320313,11648.0,-8.58337424160107e+25,1027.30151367188
189,"2023-11-02 10:28:07.461896",0.0,1.0,0.0,251.442398071289,49.8371925354004,941.91552734375,1510.40649414063,1495.1103515625,11712.0,-8.825159405524e+25,1027.32861328125
190,"2023-11-02 10:28:11.548578",0.0,1.0,0.0,251.559539794922,49.8365440368652,942.004455566406,1510.51501464844,1495.09216308594,11776.0,-9.06694456944692e+25,1027.37670898438
191,"2023-11-02 10:28:15.645472",0.0,1.0,0.0,251.717224121094,49.8379974365234,942.004455566406,1510.51501464844,1495.13989257813,11776.0,-9.30872973336985e+25,1027.38452148438
192,"2023-11-02 10:28:19.648664",-210.51789855957,0.6525799036026,322.593292236328,251.768035888672,49.838981628418,942.004455566406,1510.51501464844,1495.16943359375,11776.0,-9.55051489729277e+25,1027.47009277344
193,"2023-11-02 10:28:23.724161",0.0,1.0,0.0,251.78564453125,49.8454399108887,942.004455566406,1510.51501464844,1495.36315917969,11776.0,-9.7923000612157e+25,1027.47009277344
194,"2023-11-02 10:28:27.857872",0.0,1.0,0.0,251.798614501953,49.8487281799316,942.099731445313,1510.61157226563,1495.46179199219,11840.0,-1.00340852251386e+26,1027.52172851563
195,"2023-11-02 10:28:31.874036",0.0,1.0,344.050994873047,251.834259033203,49.8567237854004,942.180786132813,1510.71130371094,1495.70166015625,11904.0,-1.02758703890616e+26,1027.57153320313
196,"2023-11-02 10:28:35.975782",0.0,1.0,0.0,251.872283935547,49.861083984375,942.180786132813,1510.71130371094,1495.83251953125,11904.0,-1.05176555529845e+26,1027.57153320313
197,"2023-11-02 10:28:40.077577",311.279388427734,1.0,0.0,250.360992431641,49.8681030273438,942.267211914063,1510.80871582031,1496.04309082031,12032.0,-1.07594407169074e+26,1027.66870117188
198,"2023-11-02 10:28:44.126190",-8.62518215179443,1.0,0.0,250.397827148438,49.8754653930664,942.359924316406,1510.90991210938,1496.31079101563,12032.0,-1.10012258808303e+26,1027.67004394531
199,"2023-11-02 10:28:48.224333",31.4276485443115,0.098509706556797,319.030975341797,250.553665161133,49.8811492919922,942.36865234375,1510.99865722656,1496.470703125,12096.0,-1.12430110447533e+26,1027.6748046875
200,"2023-11-02 10:28:52.273339",184.178192138672,-0.553278386592865,332.88525390625,250.698089599609,49.8834762573242,942.516845703125,1511.19177246094,1496.5361328125,12224.0,-1.14847962086762e+26,1027.75512695313
201,"2023-11-02 10:28:56.377846",0.0,1.0,0.0,250.657287597656,49.8913497924805,942.5185546875,1511.1953125,1496.75756835938,12288.0,-1.17870276635798e+26,1027.75598144531
202,"2023-11-02 10:29:00.465515",0.0,1.0,0.0,250.611022949219,49.8971824645996,942.663391113281,1511.400390625,1496.92163085938,12416.0,-1.20288128275028e+26,1027.83447265625
203,"2023-11-02 10:29:04.556379",0.0,1.0,0.0,249.300018310547,49.9037590026855,942.663391113281,1511.400390625,1497.16870117188,12416.0,-1.22705979914257e+26,1027.87524414063
204,"2023-11-02 10:29:08.595584",0.0,1.0,0.0,251.134735107422,49.9099197387695,942.663391113281,1511.400390625,1497.29760742188,12416.0,-1.25123831553486e+26,1027.87524414063
205,"2023-11-02 10:29:12.637652",-359.138946533203,-0.981617987155914,365.8642578125,251.200729370117,49.9153099060059,942.663391113281,1511.400390625,1497.45935058594,12416.0,-1.27541683192715e+26,1027.94201660156
206,"2023-11-02 10:29:16.833986",0.0,1.0,0.0,251.01301574707,49.9194717407227,942.685119628906,1511.50341796875,1497.58410644531,12480.0,-1.29959534831945e+26,1027.95373535156
207,"2023-11-02 10:29:20.926170",0.0,1.0,355.530914306641,250.858657836914,49.9226837158203,942.721252441406,1511.60217285156,1497.68054199219,12544.0,-1.32377386471174e+26,1027.97338867188
208,"2023-11-02 10:29:30.849764",0.0,1.0,354.345825195313,250.872314453125,49.9310111999512,942.813842773438,,1498.22021484375,12608.0,-1.38422015569247e+26,1028.109375
209,"2023-11-02 10:29:34.890929",36.9557495117188,0.103907540440559,0.0,249.52375793457,49.9429626464844,942.824157714844,1511.80310058594,1498.28881835938,12672.0,-1.40839867208476e+26,1028.11596679688
210,"2023-11-02 10:29:44.855026",0.0,,0.0,249.669479370117,49.9515686035156,942.9130859375,1511.89208984375,1498.54711914063,12736.0,-1.46884496306549e+26,1028.23022460938
211,"2023-11-02 10:29:48.976933",0.0,1.0,0.0,251.254318237305,49.9550361633301,942.913940429688,1511.89489746094,1498.65112304688,12800.0,-1.49302347945779e+26,1028.23071289063
212,"2023-11-02 10:29:53.062519",303.499053955078,1.0,0.0,251.146118164063,49.9635581970215,942.998168945313,1511.98693847656,1498.90673828125,12864.0,-1.51720199585008e+26,1028.27770996094
213,"2023-11-02 10:29:57.158017",-292.943542480469,1.0,0.0,249.457626342773,49.971851348877,942.998168945313,1511.98693847656,1499.20825195313,12864.0,-1.54138051224237e+26,1028.32177734375
214,"2023-11-02 10:30:01.204630",0.0,1.0,0.0,251.166366577148,49.9782524108887,942.998168945313,1511.98693847656,1499.45068359375,12864.0,-1.5836930081626e+26,1028.32177734375
215,"2023-11-02 10:30:05.297007",-278.950439453125,0.72093391418457,386.929260253906,249.897155761719,49.9867401123047,943.089111328125,1512.07788085938,1499.62707519531,12928.0,-1.63205004094719e+26,1028.4130859375
216,"2023-11-02 10:30:09.333433",0.0,1.0,0.0,249.831832885742,49.9936637878418,943.096069335938,1512.18103027344,1499.88415527344,12992.0,-1.69249633192792e+26,1028.41674804688
217,"2023-11-02 10:30:13.427592",0.0,1.0,0.0,249.802185058594,50.0005950927734,943.096069335938,1512.18103027344,1500.07653808594,12992.0,-1.74085336471251e+26,1028.42297363281
218,"2023-11-02 10:30:17.444997",0.0,1.0,0.0,249.773345947266,50.0059700012207,943.096069335938,1512.18103027344,1500.22778320313,12992.0,-1.78921039749709e+26,1028.4482421875
219,"2023-11-02 10:30:21.545969",0.0,1.0,0.0,249.742446899414,50.0062561035156,943.096069335938,1512.18103027344,1500.17602539063,12992.0,-1.83756743028168e+26,1028.4482421875
220,"2023-11-02 10:30:25.645888",-26.7699718475342,-0.0855690091848373,312.846557617188,249.740768432617,50.0117950439453,943.096069335938,1512.18103027344,1500.35388183594,12992.0,-1.88592446306626e+26,1028.47900390625
221,"2023-11-02 10:30:29.696323",-2.45322465896606,-0.121574752032757,20.1787338256836,249.743911743164,50.0163764953613,943.12109375,1512.27478027344,1500.49133300781,13056.0,-1.93428149585085e+26,1028.49291992188
222,"2023-11-02 10:30:33.798731",0.0,1.0,0.0,249.734008789063,50.0271797180176,943.209655761719,1512.37316894531,1500.8154296875,13120.0,-1.98263852863543e+26,1028.541015625
223,"2023-11-02 10:30:37.894263",0.0,1.0,0.0,249.763229370117,50.0355224609375,943.26708984375,1512.4638671875,1501.06567382813,13184.0,-2.03099556142002e+26,1028.61865234375
224,"2023-11-02 10:30:41.993088",0.0,1.0,0.0,249.747772216797,50.0384521484375,943.267822265625,1512.4658203125,1501.15356445313,13248.0,-2.0793525942046e+26,1028.61901855469
225,"2023-11-02 10:30:46.050526",-41.3989372253418,1.0,0.0,249.774963378906,50.0442314147949,943.267822265625,1512.4658203125,1501.32690429688,13312.0,-2.12770962698919e+26,1028.63879394531
226,"2023-11-02 10:30:50.051525",-133.474548339844,1.0,0.0,251.393341064453,50.0505638122559,943.292785644531,1512.55822753906,1501.51696777344,13312.0,-2.17606665977377e+26,1028.65881347656
227,"2023-11-02 10:30:54.105992",0.0,1.0,0.0,249.431427001953,50.0574569702148,943.292785644531,1512.55822753906,1501.73571777344,13312.0,-2.22442369255836e+26,1028.65881347656
228,"2023-11-02 10:30:58.162582",0.0,0.171926230192184,331.677124023438,249.400146484375,50.058910369873,943.302856445313,1512.66235351563,1501.83654785156,13376.0,-2.27278072534294e+26,1028.67297363281
229,"2023-11-02 10:31:02.270625",0.0,1.0,0.0,247.802856445313,50.0655517578125,943.317932128906,1512.7548828125,1502.02331542969,13440.0,-2.32113775812753e+26,1028.68115234375
230,"2023-11-02 10:31:06.270795",0.0,1.0,0.0,247.881576538086,50.0724411010742,943.317932128906,1512.84948730469,1502.21704101563,13504.0,-2.36949479091211e+26,1028.70434570313
231,"2023-11-02 10:31:10.322525",0.0,1.0,0.0,247.974258422852,50.0741310119629,943.36083984375,1512.86096191406,1502.26452636719,13568.0,-2.42994108189285e+26,1028.74291992188
232,"2023-11-02 10:31:14.379777",0.0,1.0,0.0,248.044845581055,50.0790634155273,943.366455078125,1512.86096191406,1502.4033203125,13568.0,-2.47829811467743e+26,1028.74291992188
233,"2023-11-02 10:31:18.383456",321.713073730469,0.965750575065613,333.122314453125,248.114852905273,50.0811195373535,943.455749511719,1512.95349121094,1502.46118164063,13632.0,-2.52665514746202e+26,1028.83349609375
234,"2023-11-02 10:31:22.441683",-4.62848138809204,0.164158597588539,28.1951808929443,248.181243896484,50.0844650268555,943.455749511719,1512.95349121094,1502.55517578125,13632.0,-2.5750121802466e+26,1028.88842773438
235,"2023-11-02 10:31:26.527642",0.0,1.0,0.0,248.295501708984,50.0908126831055,943.455749511719,1512.95349121094,1502.79382324219,13632.0,-2.62336921303119e+26,1028.91943359375
236,"2023-11-02 10:31:30.572535",0.0,1.0,0.0,248.499664306641,50.0936012268066,943.496032714844,1513.14440917969,1502.87219238281,13760.0,-2.67172624581577e+26,1028.94116210938
237,"2023-11-02 10:31:34.657066",0.0,1.0,0.0,248.596115112305,50.0957565307617,943.496032714844,1513.14440917969,1502.87268066406,13760.0,-2.72008327860036e+26,1028.94165039063
238,"2023-11-02 10:31:44.617495",303.461303710938,-0.970856189727783,,250.026794433594,50.0997467041016,943.616271972656,1513.32458496094,1502.99243164063,13888.0,-2.84097586056182e+26,1029.05004882813
239,"2023-11-02 10:31:48.705786",0.0,1.0,0.0,250.044815063477,50.0988578796387,943.616271972656,1513.32458496094,1502.96569824219,13888.0,-2.8893328933464e+26,1029.0966796875
240,"2023-11-02 10:31:52.743337",0.0,1.0,0.0,250.085067749023,50.103458404541,943.709533691406,1513.41870117188,1503.10375976563,13952.0,-2.93768992613099e+26,1029.19226074219
241,"2023-11-02 10:32:02.655373",0.0,1.0,0.0,250.052871704102,50.1035995483398,943.709533691406,,1503.033203125,14016.0,-3.05858250809245e+26,1029.26635742188
242,"2023-11-02 10:32:06.741018",0.0,1.0,0.0,250.079772949219,50.1000328063965,943.766418457031,1513.52990722656,1503.0009765625,14080.0,-3.11902898354062e+26,1029.26843261719
243,"2023-11-02 10:32:10.783216",0.0,1.0,0.0,250.109710693359,50.0937957763672,943.840576171875,1513.630859375,1502.81384277344,14144.0,-3.2157430491098e+26,1029.35192871094
244,"2023-11-02 10:32:14.877391",0.0,1.0,0.0,250.130523681641,50.0942535400391,943.840576171875,1513.630859375,1502.82763671875,14144.0,-3.31245711467897e+26,1029.37451171875
245,"2023-11-02 10:32:18.964384",0.0,1.0,0.0,250.122741699219,50.0926132202148,943.840576171875,1513.630859375,1502.77844238281,14144.0,-3.40917118024814e+26,1029.38500976563
246,"2023-11-02 10:32:22.961795",-109.827865600586,0.351962268352509,0.0,250.113555908203,50.0895881652832,943.85986328125,1513.73315429688,1502.68762207031,14272.0,-3.50588524581731e+26,1029.42468261719
247,"2023-11-02 10:32:26.964268",-1.73342955112457,0.254733771085739,0.0,250.083572387695,50.0893592834473,943.902526855469,1513.822265625,1502.68078613281,14272.0,-3.60259931138648e+26,1029.42504882813
248,"2023-11-02 10:32:36.843460",0.0,0.696996688842773,354.918182373047,250.074981689453,50.0869560241699,943.971252441406,1513.92077636719,1502.60864257813,14336.0,,1029.54345703125
249,"2023-11-02 10:32:40.947784",0.0,1.0,0.0,250.041259765625,50.0823593139648,944.051452636719,1514.01403808594,1502.47082519531,14400.0,-3.94109854087857e+26,1029.59204101563
250,"2023-11-02 10:32:45.005859",-353.820678710938,0.988549768924713,0.0,250.048355102539,50.0834274291992,944.141052246094,1514.10864257813,1502.50280761719,14528.0,-4.03781260644774e+26,1029.69421386719
251,"2023-11-02 10:32:49.600282",0.0,1.0,0.0,250.069274902344,50.0780258178711,944.231323242188,1514.19982910156,1502.3408203125,14528.0,-4.15870518840921e+26,1029.69421386719
252,"2023-11-02 10:32:53.636707",320.881469726563,-0.994914293289185,322.521728515625,250.05908203125,50.0820732116699,944.320434570313,1514.28942871094,1502.46215820313,14592.0,-4.25541925397838e+26,1029.83874511719
253,"2023-11-02 10:32:57.740897",25.9661521911621,-0.851434707641602,30.4969387054443,250.072235107422,50.0816802978516,944.32763671875,1514.29772949219,1502.45043945313,14656.0,-4.35213331954755e+26,1029.84252929688
254,"2023-11-02 10:33:07.672052",0.0,1.0,,248.607421875,50.084644317627,944.35498046875,1514.38891601563,1502.53930664063,14784.0,-4.59391848347047e+26,1029.89697265625
255,"2023-11-02 10:33:11.724430",0.0,1.0,0.0,248.560211181641,50.0871887207031,944.35498046875,1514.38891601563,1502.61572265625,14784.0,-4.69063254903964e+26,1029.93725585938
256,"2023-11-02 10:33:15.824706",-291.068298339844,0.844072341918945,344.838073730469,248.481643676758,50.0908088684082,944.429260253906,1514.48828125,1502.72424316406,14848.0,-4.78734661460881e+26,1030.02917480469
257,"2023-11-02 10:33:19.929960",0.0,1.0,0.0,248.503540039063,50.0900726318359,944.518188476563,1514.58227539063,1502.7021484375,14912.0,-4.88406068017798e+26,1030.02917480469
258,"2023-11-02 10:33:23.945122",0.0,1.0,344.498931884766,248.559417724609,50.091381072998,944.603515625,1514.67810058594,1502.74145507813,14976.0,-4.98077474574715e+26,1030.07543945313
259,"2023-11-02 10:33:27.947481",0.0,1.0,339.980651855469,248.620971679688,50.0886383056641,944.664001464844,1514.77233886719,1502.6591796875,15040.0,-5.07748881131632e+26,1030.15112304688
260,"2023-11-02 10:33:32.003659",0.0,1.0,0.0,248.711853027344,50.0885162353516,944.664001464844,1514.77233886719,1502.65551757813,15040.0,-5.17420287688549e+26,1030.15112304688
261,"2023-11-02 10:33:36.111719",62.8194160461426,1.0,0.0,248.77360534668,50.0885314941406,944.681457519531,1514.87255859375,1502.65600585938,15168.0,-5.27091694245466e+26,1030.16979980469
262,"2023-11-02 10:33:40.217250",-129.777236938477,1.0,0.0,248.937728881836,50.088191986084,944.698486328125,1514.97497558594,1502.60009765625,15168.0,-5.36763100802384e+26,1030.189453125
263,"2023-11-02 10:33:44.271279",162.20051574707,0.521084547042847,311.274871826172,248.953277587891,50.082649230957,944.743530273438,1515.06140136719,1502.44421386719,15232.0,-5.46434507359301e+26,1030.2138671875
264,"2023-11-02 10:33:54.251726",230.785415649414,0.729534208774567,316.346252441406,249.020126342773,50.0803680419922,944.807556152344,,1502.27917480469,15360.0,-5.70613023751593e+26,1030.32092285156
265,"2023-11-02 10:33:58.255941",0.0,1.0,0.0,248.982696533203,50.0738372802734,944.871459960938,1515.34313964844,1502.13647460938,15424.0,-5.8028443030851e+26,1030.3740234375
266,"2023-11-02 10:34:02.208648",0.0,1.0,0.0,249.106231689453,50.0699920654297,944.917053222656,1515.34313964844,1502.08825683594,15424.0,-5.89955836865427e+26,1030.37475585938
267,"2023-11-02 10:34:06.313302",-57.3541679382324,-0.168769001960754,339.838287353516,249.16276550293,50.0668411254883,944.917053222656,1515.34313964844,1501.99963378906,15424.0,-6.02045095061573e+26,1030.38330078125
268,"2023-11-02 10:34:10.370433",-271.359466552734,-0.751831293106079,360.931304931641,249.284622192383,50.0625381469727,944.9619140625,1515.43676757813,1501.81872558594,15488.0,-6.11716501618491e+26,1030.44860839844
269,"2023-11-02 10:34:14.685973",0.0,1.0,0.0,249.354995727539,50.0540962219238,944.9619140625,1515.43676757813,1501.62292480469,15488.0,-6.23805796708125e+26,1030.44860839844
270,"2023-11-02 10:34:18.740703",0.0,1.0,0.0,249.523025512695,50.0490531921387,945.023803710938,1515.53894042969,1501.47155761719,15552.0,-6.43148609821959e+26,1030.5283203125
271,"2023-11-02 10:34:22.799023",0.0,1.0,0.0,249.552261352539,50.0451545715332,945.023803710938,1515.53894042969,1501.35461425781,15552.0,-6.62491422935793e+26,1030.56213378906
272,"2023-11-02 10:34:26.904465",0.0,1.0,0.0,249.645263671875,50.0494041442871,945.023803710938,1515.53894042969,1501.48217773438,15552.0,-6.81834236049627e+26,1030.58801269531
273,"2023-11-02 10:34:30.959753",-216.461074829102,-0.616105079650879,0.0,249.786727905273,50.0454254150391,945.071472167969,1515.62585449219,1501.36279296875,15616.0,-7.01177049163461e+26,1030.62377929688
274,"2023-11-02 10:34:35.028236",0.0,1.0,0.0,249.708877563477,50.0443496704102,945.077209472656,1515.73474121094,1501.33044433594,15680.0,-7.20519862277295e+26,1030.62377929688
275,"2023-11-02 10:34:39.037515",0.0,0.800770342350006,329.664611816406,249.59211730957,50.0451583862305,945.150573730469,1515.82629394531,1501.35473632813,15744.0,-7.39862675391129e+26,1030.70922851563
276,"2023-11-02 10:34:43.158448",0.0,0.456916362047195,32.3610191345215,249.547927856445,50.0441398620605,945.154663085938,1515.83532714844,1501.30126953125,15808.0,-7.59205488504963e+26,1030.7431640625
277,"2023-11-02 10:34:47.220886",0.0,1.0,0.0,249.548629760742,50.0413589477539,945.154663085938,1515.83532714844,1501.22302246094,15872.0,-7.78548301618797e+26,1030.78088378906
278,"2023-11-02 10:34:51.221376",0.0,1.0,0.0,249.498596191406,50.0448265075684,945.224243164063,1516.02355957031,1501.32067871094,15936.0,-7.97891114732632e+26,1030.87890625
279,"2023-11-02 10:34:55.286772",0.0,1.0,0.0,249.446197509766,50.0418930053711,945.31591796875,1516.02587890625,1501.23815917969,16000.0,-8.22069631124924e+26,1030.87890625
280,"2023-11-02 10:34:59.342351",-205.338348388672,-0.575092613697052,357.052673339844,249.45703125,50.039623260498,945.31591796875,1516.02587890625,1501.17431640625,16000.0,-8.41412444238758e+26,1030.90991210938
281,"2023-11-02 10:35:03.459954",-322.507751464844,0.996162235736847,323.750244140625,249.46711730957,50.037914276123,945.406860351563,1516.11877441406,1501.06640625,16064.0,-8.60755257352592e+26,1031.0078125
282,"2023-11-02 10:35:07.524753",0.0,1.0,0.0,249.421875,50.0310440063477,945.406860351563,1516.11877441406,1500.873046875,16064.0,-8.80098070466426e+26,1031.0078125
283,"2023-11-02 10:35:11.529801",0.0,1.0,0.0,249.423645019531,50.0224800109863,945.50146484375,1516.21948242188,1500.67443847656,16128.0,-8.9944088358026e+26,1031.11108398438
284,"2023-11-02 10:35:15.653519",0.0,1.0,0.0,249.387878417969,50.0191230773926,945.559936523438,1516.3203125,1500.57373046875,16192.0,-9.18783696694094e+26,1031.14282226563
285,"2023-11-02 10:35:19.661793",0.0,1.0,0.0,247.744094848633,50.0147743225098,945.559936523438,1516.3203125,1500.44323730469,16192.0,-9.38126509807929e+26,1031.17211914063
286,"2023-11-02 10:35:23.711931",-128.375991821289,-0.377576500177383,339.999969482422,247.915832519531,50.0114135742188,945.559936523438,1516.3203125,1500.34240722656,16192.0,-9.57469322921763e+26,1031.19348144531
287,"2023-11-02 10:35:27.684259",0.0,1.0,0.0,247.938552856445,50.0053062438965,945.563720703125,1516.32629394531,1500.1591796875,16256.0,-9.76812136035597e+26,1031.19348144531
288,"2023-11-02 10:35:31.686093",0.0,1.0,0.0,247.975479125977,50.0021057128906,945.632934570313,1516.41442871094,1500.06323242188,16320.0,-9.96154949149431e+26,1031.279296875
289,"2023-11-02 10:35:35.741853",0.0,1.0,0.0,248.047409057617,49.999641418457,945.675842285156,1516.52514648438,1499.9892578125,16512.0,-1.01549776226326e+27,1031.30249023438
290,"2023-11-02 10:35:39.797594",0.0,1.0,0.0,248.059020996094,49.9958267211914,945.675842285156,1516.52514648438,1499.87475585938,16512.0,-1.0348405753771e+27,1031.318359375
291,"2023-11-02 10:35:49.778163",-317.474945068359,-0.909330368041992,0.0,248.054718017578,,945.781127929688,1516.7265625,1499.642578125,16896.0,-1.08319760816168e+27,1031.40734863281
292,"2023-11-02 10:35:53.767295",0.0,1.0,0.0,246.450805664063,49.9888534545898,945.823425292969,1516.82043457031,1499.66564941406,17024.0,-1.10254042127552e+27,1031.482421875
293,"2023-11-02 10:35:57.823928",0.0,1.0,0.0,248.13459777832,49.9876022338867,945.866394042969,1516.91552734375,1499.62805175781,17152.0,-1.12188323438935e+27,1031.50573730469
294,"2023-11-02 10:36:01.843729",0.0,1.0,0.0,248.053527832031,49.9865226745605,945.866394042969,1516.91552734375,1499.595703125,17152.0,-1.14122604750319e+27,1031.55383300781
295,"2023-11-02 10:36:11.818798",-322.685516357422,0.865175485610962,0.0,,49.9756546020508,945.955139160156,1517.01379394531,1499.26965332031,17280.0,-1.18958308028777e+27,1031.61401367188
296,"2023-11-02 10:36:15.923236",0.0,1.0,365.17578125,247.898193359375,49.9736366271973,946.056823730469,1517.21398925781,1499.20910644531,17536.0,-1.20892589340161e+27,1031.66918945313
297,"2023-11-02 10:36:20.025623",0.0,1.0,0.0,247.905517578125,49.9703712463379,946.058776855469,1517.21801757813,1499.11108398438,17664.0,-1.22826870651544e+27,1031.67016601563
298,"2023-11-02 10:36:24.114325",-149.440383911133,1.0,0.0,247.953430175781,49.9675674438477,946.058776855469,1517.21801757813,1498.96325683594,17664.0,-1.25728299997317e+27,1031.73815917969
299,"2023-11-02 10:36:28.156060",0.0,1.0,0.0,247.933197021484,49.963737487793,946.108459472656,1517.31860351563,1498.91784667969,17792.0,-1.29596862620084e+27,1031.76611328125
300,"2023-11-02 10:36:32.242194",0.0,1.0,0.0,247.965484619141,49.9605331420898,946.108459472656,1517.31860351563,1498.76550292969,17792.0,-1.3346542524285e+27,1031.76611328125
301,"2023-11-02 10:36:36.280107",245.020904541016,-0.721944510936737,339.390228271484,247.953735351563,49.954402923584,946.244567871094,1517.51391601563,1498.59301757813,18048.0,-1.37333987865617e+27,1031.83996582031
302,"2023-11-02 10:36:40.365576",0.0,1.0,0.0,247.961227416992,49.9496650695801,946.244567871094,1517.51391601563,1498.45983886719,18048.0,-1.42169691144076e+27,1031.88452148438
303,"2023-11-02 10:36:44.407734",0.0,1.0,0.0,248.004211425781,49.9460105895996,946.244567871094,1517.51391601563,1498.35705566406,18048.0,-1.46038253766842e+27,1031.90771484375
304,"2023-11-02 10:36:48.495393",0.0,1.0,0.0,248.250015258789,49.9430999755859,946.26123046875,1517.61462402344,1498.27514648438,18176.0,-1.49906816389609e+27,1031.96350097656
305,"2023-11-02 10:36:52.578962",0.0,1.0,0.0,248.47785949707,49.9367027282715,946.26123046875,1517.61462402344,1498.10107421875,18176.0,-1.53775379012376e+27,1031.96350097656
306,"2023-11-02 10:36:56.688173",8.80349159240723,0.0259647238999605,339.055816650391,248.742233276367,49.9380683898926,946.263671875,1517.70861816406,1498.14208984375,18304.0,-1.57643941635143e+27,1032.01977539063
307,"2023-11-02 10:37:00.777758",36.0026741027832,-0.0991624891757965,363.067474365234,248.911148071289,49.9391288757324,946.374938964844,1517.91101074219,1498.173828125,18560.0,-1.6151250425791e+27,1032.02514648438
308,"2023-11-02 10:37:04.815191",0.0,1.0,0.0,249.024719238281,49.9357948303223,946.374938964844,1517.91101074219,1498.07385253906,18560.0,-1.65381066880677e+27,1032.02514648438
309,"2023-11-02 10:37:08.853047",0.0,1.0,365.731628417969,249.12353515625,49.933349609375,946.390686035156,1518.01208496094,1498.00048828125,18688.0,-1.69249629503443e+27,1032.08203125
310,"2023-11-02 10:37:12.935142",0.0,1.0,0.0,249.240280151367,49.935230255127,946.390686035156,1518.01208496094,1498.05688476563,18688.0,-1.7311819212621e+27,1032.0849609375
311,"2023-11-02 10:37:16.972685",-263.918853759766,0.794481158256531,0.0,249.323516845703,49.9348564147949,946.390686035156,1518.01208496094,1498.04565429688,18688.0,-1.76986754748977e+27,1032.16186523438
312,"2023-11-02 10:37:21.065705",262.005676269531,1.0,0.0,249.392425537109,49.9345703125,946.46337890625,1518.11254882813,1498.037109375,18944.0,-1.80855317371744e+27,1032.20166015625
313,"2023-11-02 10:37:25.156129",0.0,1.0,0.0,249.467071533203,49.9343490600586,946.464111328125,1518.11560058594,1498.02905273438,18944.0,-1.84723879994511e+27,1032.20166015625
314,"2023-11-02 10:37:29.289780",310.686218261719,-0.889512121677399,349.277130126953,249.499176025391,49.9321060180664,946.598327636719,1518.3173828125,1497.96594238281,19200.0,-1.88592442617277e+27,1032.2744140625
315,"2023-11-02 10:37:33.400346",0.0,1.0,0.0,249.494750976563,49.9324417114258,946.598327636719,1518.3173828125,1497.91333007813,19200.0,-1.93428145895736e+27,1032.28735351563
316,"2023-11-02 10:37:37.485410",0.0,1.0,0.0,251.227432250977,49.925163269043,946.614074707031,1518.4091796875,1497.77075195313,19328.0,-1.97296708518503e+27,1032.2958984375
317,"2023-11-02 10:37:41.557827",0.0,1.0,0.0,251.208389282227,49.9270820617676,946.614074707031,1518.4091796875,1497.82470703125,19328.0,-2.0116527114127e+27,1032.36376953125
318,"2023-11-02 10:37:45.645440",0.0,1.0,0.0,251.219451904297,49.9251174926758,946.614074707031,1518.4091796875,1497.75354003906,19328.0,-2.05033833764036e+27,1032.36376953125
319,"2023-11-02 10:37:49.694488",-233.507858276367,-0.71034437417984,328.724884033203,251.243087768555,49.923152923584,946.614074707031,1518.4091796875,1497.69458007813,19328.0,-2.08902396386803e+27,1032.431640625
320,"2023-11-02 10:37:53.748991",67.8848495483398,0.196759343147278,345.014617919922,251.253067016602,49.9255256652832,946.693359375,1518.60400390625,1497.76574707031,19584.0,-2.1277095900957e+27,1032.44189453125
321,"2023-11-02 10:37:57.843466",0.0,1.0,444.842864990234,251.195068359375,49.927360534668,946.693359375,1518.60400390625,1497.82080078125,19584.0,-2.16639521632337e+27,1032.4423828125
322,"2023-11-02 10:38:01.932371",0.0,1.0,344.360931396484,251.268051147461,49.9287796020508,946.745910644531,1518.70227050781,1497.86340332031,19712.0,-2.20508084255104e+27,1032.51538085938
323,"2023-11-02 10:38:06.038036",0.0,1.0,0.0,251.330078125,49.933895111084,946.745910644531,1518.70227050781,1498.01684570313,19712.0,-2.2437664687787e+27,1032.51611328125
324,"2023-11-02 10:38:10.167931",-293.320953369141,1.0,0.0,251.365325927734,49.9413795471191,946.745910644531,1518.70227050781,1498.28894042969,19840.0,-2.28245209500637e+27,1032.58813476563
325,"2023-11-02 10:38:14.226421",0.0,1.0,0.0,251.381454467773,49.9452133178711,946.858215332031,1518.89123535156,1498.39697265625,19968.0,-2.32113772123404e+27,1032.62158203125
326,"2023-11-02 10:38:18.291723",0.0,1.0,0.0,251.397445678711,49.9501266479492,946.858215332031,1518.89123535156,1498.53503417969,19968.0,-2.35982334746171e+27,1032.62158203125
327,"2023-11-02 10:38:22.292558",-223.442169189453,-0.591904938220978,377.496704101563,251.44059753418,49.9500198364258,946.858215332031,1518.89123535156,1498.53210449219,19968.0,-2.39850897368938e+27,1032.68688964844
328,"2023-11-02 10:38:26.310776",0.0,1.0,0.0,251.422317504883,49.9499397277832,946.952209472656,1518.98815917969,1498.52978515625,20096.0,-2.44686600647396e+27,1032.73779296875
329,"2023-11-02 10:38:30.376951",0.0,1.0,0.0,251.406845092773,49.951831817627,946.952209472656,1519.09167480469,1498.5830078125,20224.0,-2.4952231868325e+27,1032.76977539063
330,"2023-11-02 10:38:40.310834",0.0,1.0,0.0,251.391983032227,49.9532928466797,947.014709472656,1519.18566894531,,20352.0,-2.68865131797084e+27,1032.8193359375
331,"2023-11-02 10:38:44.375621",120.819869995117,-0.33414351940155,361.580749511719,251.317123413086,49.9566802978516,947.137023925781,1519.38342285156,1498.71936035156,20608.0,-2.76602257042618e+27,1032.8857421875
332,"2023-11-02 10:38:48.478323",0.0,1.0,0.0,251.315841674805,49.9531364440918,947.137023925781,1519.38342285156,1498.55749511719,20608.0,-2.84339382288151e+27,1032.89331054688
333,"2023-11-02 10:38:52.542747",0.0,1.0,0.0,251.31672668457,49.9486923217773,947.137023925781,1519.38342285156,1498.42980957031,20608.0,-2.92076507533685e+27,1032.94287109375
334,"2023-11-02 10:38:56.612459",0.0,1.0,0.0,251.332275390625,49.9444580078125,947.19775390625,1519.49169921875,1498.33374023438,20864.0,-2.99813632779219e+27,1032.97583007813
335,"2023-11-02 10:39:00.666932",0.0,1.0,0.0,251.301422119141,49.9440155029297,947.19775390625,1519.49169921875,1498.32043457031,20864.0,-3.07550758024752e+27,1033.01220703125
336,"2023-11-02 10:39:04.731346",254.010757446289,-0.659893810749054,384.926727294922,251.299575805664,49.9416427612305,947.335510253906,1519.70166015625,1498.24926757813,21120.0,-3.15287883270286e+27,1033.09313964844
337,"2023-11-02 10:39:08.792976",3.28179740905762,-0.354581326246262,9.25541496276855,251.306427001953,49.9418830871582,947.336364746094,1519.70434570313,1498.25646972656,21248.0,-3.23025008515819e+27,1033.09350585938
338,"2023-11-02 10:39:12.865330",0.0,1.0,354.436553955078,251.340927124023,49.939998626709,947.336364746094,1519.70434570313,1498.19995117188,21248.0,-3.30762133761353e+27,1033.13940429688
339,"2023-11-02 10:39:16.987055",0.0,0.765001237392426,375.9052734375,251.401214599609,49.9364738464355,947.416259765625,1519.80859375,1498.09423828125,21376.0,-3.38499259006887e+27,1033.21520996094
340,"2023-11-02 10:39:20.989352",0.0,1.0,0.0,251.364608764648,49.9358177185059,947.416259765625,1519.80859375,1498.07458496094,21376.0,-3.4623638425242e+27,1033.21520996094
341,"2023-11-02 10:39:25.100882",242.26106262207,1.0,0.0,251.359939575195,49.9336090087891,947.483520507813,1519.91516113281,1498.00830078125,21632.0,-3.53973509497954e+27,1033.29321289063
342,"2023-11-02 10:39:29.211711",0.0,1.0,0.0,251.353881835938,49.9336090087891,947.560119628906,1520.01196289063,1498.00830078125,21632.0,-3.61710634743488e+27,1033.31628417969
343,"2023-11-02 10:39:33.289862",0.0,1.0,0.0,251.354843139648,49.9336090087891,947.560119628906,1520.01196289063,1497.94616699219,21632.0,-3.69447759989021e+27,1033.31628417969
344,"2023-11-02 10:39:37.325847",-343.643280029297,0.985764145851135,348.60595703125,251.338821411133,49.9300804138184,947.560119628906,1520.01196289063,1497.84692382813,21632.0,-3.79119166545938e+27,1033.37475585938
345,"2023-11-02 10:39:41.372839",0.0,1.0,0.0,251.320983886719,49.9272308349609,947.560119628906,1520.01196289063,1497.76672363281,21632.0,-3.86856291791472e+27,1033.38110351563
346,"2023-11-02 10:39:45.659970",0.0,1.0,0.0,251.294387817383,49.9234924316406,947.560119628906,1520.01196289063,1497.70483398438,21632.0,-3.94593417037005e+27,1033.45849609375
347,"2023-11-02 10:39:49.703414",0.0,1.0,0.0,251.309661865234,49.9238471984863,947.587585449219,1520.11657714844,1497.71545410156,21888.0,-4.02330542282539e+27,1033.47338867188
348,"2023-11-02 10:39:53.793974",0.0,1.0,0.0,251.274917602539,49.9221725463867,947.587585449219,1520.11657714844,1497.66516113281,21888.0,-4.10067667528073e+27,1033.51293945313
349,"2023-11-02 10:39:57.876410",177.773406982422,0.5340376496315,0.0,251.293518066406,49.9189338684082,947.636962890625,1520.208984375,1497.56799316406,22016.0,-4.17804792773606e+27,1033.58959960938
350,"2023-11-02 10:40:01.961576",3.80073547363281,-0.489864945411682,0.0,251.295516967773,49.9205627441406,947.730163574219,1520.30920410156,1497.61694335938,22272.0,-4.2554191801914e+27,1033.59020996094
351,"2023-11-02 10:40:06.006959",0.0,0.915496945381165,378.280487060547,251.258239746094,49.919750213623,947.826293945313,1520.41418457031,1497.59252929688,22400.0,-4.33279043264674e+27,1033.64233398438
352,"2023-11-02 10:40:10.056605",0.0,0.839080214500427,375.990264892578,251.27082824707,49.9173011779785,947.877990722656,1520.52294921875,1497.54956054688,22528.0,-4.41016168510207e+27,1033.7177734375
353,"2023-11-02 10:40:14.113164",0.0,1.0,0.0,251.280197143555,49.919189453125,947.877990722656,1520.52294921875,1497.60266113281,22528.0,-4.48753293755741e+27,1033.7177734375
354,"2023-11-02 10:40:18.120188",0.0,1.0,0.0,251.233520507813,49.9224624633789,947.877990722656,1520.52294921875,1497.69470214844,22528.0,-4.56490419001274e+27,1033.78833007813
355,"2023-11-02 10:40:28.046557",0.0,1.0,,251.165100097656,49.9259338378906,947.899719238281,1520.73083496094,1497.77807617188,22784.0,-4.75833232115109e+27,1033.80004882813
356,"2023-11-02 10:40:32.130110",0.0,-0.997351288795471,17.5107898712158,251.119995117188,49.927677154541,947.999816894531,1520.83154296875,1497.84143066406,23040.0,-4.83570357360642e+27,1033.85437011719
357,"2023-11-02 10:40:36.127597",0.0,1.0,0.0,250.058303833008,49.9252624511719,947.999816894531,1520.83154296875,1497.7734375,23168.0,-4.91307482606176e+27,1033.88195800781
358,"2023-11-02 10:40:40.229475",0.0,1.0,0.0,249.788909912109,49.9271545410156,948.137573242188,1521.01403808594,1497.82678222656,23296.0,-5.02913199989267e+27,1033.93432617188
359,"2023-11-02 10:40:44.337408",0.0,1.0,0.0,247.256744384766,49.9286231994629,948.137573242188,1521.01403808594,1497.86791992188,23296.0,-5.22256013103101e+27,1033.93444824219
360,"2023-11-02 10:40:48.339932",161.855194091797,-0.539905190467834,299.784484863281,247.410263061523,49.931697845459,948.182495117188,1521.09741210938,1497.95446777344,23424.0,-5.37730263594168e+27,1033.95874023438
361,"2023-11-02 10:40:52.391509",-232.051376342773,-0.730688631534576,317.579010009766,247.502853393555,49.93212890625,948.182495117188,1521.09741210938,1497.96655273438,23424.0,-5.53204514085235e+27,1034.0341796875
362,"2023-11-02 10:40:56.497872",0.0,1.0,0.0,247.555999755859,49.9324607849121,948.183166503906,1521.09912109375,1497.97595214844,23552.0,-5.68678764576303e+27,1034.03454589844
363,"2023-11-02 10:41:00.550518",0.0,1.0,0.0,247.587463378906,49.9348449707031,948.221740722656,1521.20422363281,1498.04541015625,23680.0,-5.8415301506737e+27,1034.10546875
364,"2023-11-02 10:41:04.607129",0.0,1.0,0.0,247.605682373047,49.9345626831055,948.307678222656,1521.29455566406,1498.03686523438,23808.0,-5.99627265558437e+27,1034.15197753906
365,"2023-11-02 10:41:08.665484",0.0,1.0,0.0,249.131439208984,49.936164855957,948.307678222656,1521.29455566406,1498.0849609375,23808.0,-6.15101516049504e+27,1034.20520019531
366,"2023-11-02 10:41:12.703168",-56.4658050537109,0.156224608421326,361.439880371094,249.14306640625,49.9355773925781,948.405822753906,1521.3935546875,1498.0673828125,23936.0,-6.30575766540572e+27,1034.26806640625
367,"2023-11-02 10:41:22.679252",0.0,1.0,0.0,249.084518432617,,948.429016113281,1521.48547363281,1498.1591796875,24064.0,-6.6926139276824e+27,1034.33325195313
368,"2023-11-02 10:41:26.711621",0.0,1.0,0.0,248.973022460938,49.9393119812012,948.435668945313,1521.4921875,1498.17932128906,24192.0,-6.84735643259307e+27,1034.3369140625
369,"2023-11-02 10:41:30.710320",25.619140625,0.0824613943696022,310.680419921875,248.947113037109,49.9380111694336,948.44287109375,1521.57849121094,1498.14038085938,24320.0,-7.00209893750374e+27,1034.39123535156
370,"2023-11-02 10:41:34.765006",49.05810546875,-0.143134653568268,342.740936279297,248.909393310547,49.9370040893555,948.549499511719,1521.76684570313,1498.11010742188,24576.0,-7.15684144241442e+27,1034.3994140625
371,"2023-11-02 10:41:38.839129",0.0,1.0,0.0,248.871276855469,49.9362297058105,948.549499511719,1521.76684570313,1498.0869140625,24576.0,-7.31158394732509e+27,1034.3994140625
372,"2023-11-02 10:41:42.953029",0.0,1.0,349.957550048828,248.802581787109,49.9338111877441,948.595092773438,1521.8662109375,1498.01428222656,24704.0,-7.46632645223576e+27,1034.47290039063
373,"2023-11-02 10:41:47.001454",0.0,1.0,0.0,248.7451171875,49.9337615966797,948.595092773438,1521.8662109375,1498.01281738281,24704.0,-7.62106895714643e+27,1034.50671386719
374,"2023-11-02 10:41:56.966147",0.0,1.0,0.0,248.696578979492,49.932014465332,948.595092773438,1521.8662109375,1497.96337890625,24704.0,,1034.61059570313
375,"2023-11-02 10:42:06.930090",0.0,1.0,0.0,248.534866333008,,948.842529296875,1522.19360351563,1497.82897949219,25216.0,-8.3947814816998e+27,1034.6923828125
376,"2023-11-02 10:42:11.030290",0.0,1.0,0.0,248.322418212891,49.9271697998047,948.842529296875,1522.19360351563,1497.81506347656,25344.0,-8.54952398661047e+27,1034.7412109375
377,"2023-11-02 10:42:15.133698",70.9507904052734,1.0,0.0,248.257934570313,49.9286308288574,948.952270507813,1522.45861816406,1497.8681640625,25472.0,-8.70426649152114e+27,1034.7958984375
378,"2023-11-02 10:42:19.225182",0.0,1.0,0.0,248.19856262207,49.9279365539551,948.952270507813,1522.45861816406,1497.84875488281,25472.0,-8.85900899643181e+27,1034.79809570313
379,"2023-11-02 10:42:23.271138",-39.6868286132813,0.126247078180313,314.3583984375,248.124908447266,49.9254608154297,948.952270507813,1522.45861816406,1497.77905273438,25472.0,-9.01375150134249e+27,1034.80395507813
380,"2023-11-02 10:42:27.369257",-60.828498840332,-0.16822774708271,361.584228515625,248.101104736328,49.9273109436035,948.952270507813,1522.45861816406,1497.8310546875,25472.0,-9.20717963248083e+27,1034.86987304688
381,"2023-11-02 10:42:31.410839",0.0,1.0,0.0,248.103118896484,49.9266662597656,948.952270507813,1522.45861816406,1497.81298828125,25472.0,-9.3619221373915e+27,1034.87036132813
382,"2023-11-02 10:42:35.449352",0.0,1.0,0.0,248.096694946289,49.9263000488281,949.003540039063,1522.5537109375,1497.802734375,25600.0,-9.51666464230217e+27,1034.93518066406
383,"2023-11-02 10:42:39.539893",0.0,1.0,0.0,248.10710144043,49.9279594421387,949.090087890625,1522.64379882813,1497.84936523438,25728.0,-9.67140714721284e+27,1034.98205566406
384,"2023-11-02 10:42:43.628550",0.0,1.0,0.0,248.081024169922,49.9334106445313,949.090087890625,1522.64379882813,1498.00231933594,25728.0,-9.82614965212352e+27,1035.025390625
385,"2023-11-02 10:42:47.717927",-147.529357910156,0.402984797954559,366.091644287109,248.046859741211,49.9410095214844,949.170043945313,1522.73315429688,1498.23022460938,25856.0,-1.00582639997853e+28,1035.09033203125
386,"2023-11-02 10:42:51.803399",0.0,1.0,0.0,248.009872436523,49.9428520202637,949.170043945313,1522.73315429688,1498.28552246094,25856.0,-1.03677490096067e+28,1035.09033203125
387,"2023-11-02 10:43:01.767926",0.0,1.0,367.746276855469,247.945495605469,,949.266174316406,1522.84655761719,1498.54516601563,26112.0,-1.114146153416e+28,1035.17065429688
388,"2023-11-02 10:43:05.857466",323.716217041016,-0.987718164920807,327.741485595703,248.136627197266,49.9514503479004,949.356140136719,1522.9375,1498.54345703125,26240.0,-1.14509465439814e+28,1035.220703125
389,"2023-11-02 10:43:09.951977",-345.717559814453,-0.996427178382874,0.0,248.312957763672,49.9532318115234,949.356140136719,1522.9375,1498.59692382813,26240.0,-1.17604315538027e+28,1035.27355957031
390,"2023-11-02 10:43:14.053715",0.0,1.0,0.0,248.442840576172,49.9487609863281,949.356140136719,1522.9375,1498.462890625,26240.0,-1.20699165636241e+28,1035.27355957031
391,"2023-11-02 10:43:18.199394",282.392364501953,0.849797189235687,332.305603027344,248.549850463867,49.9509201049805,949.4345703125,1523.02990722656,1498.55737304688,26368.0,-1.23794015734454e+28,1035.36157226563
392,"2023-11-02 10:43:22.217216",1.16210031509399,-0.253124743700027,4.59101819992065,248.635559082031,49.9566078186035,949.476440429688,1523.12438964844,1498.71728515625,26624.0,-1.26888865832668e+28,1035.38427734375
393,"2023-11-02 10:43:26.403763",0.0,1.0,0.0,248.676467895508,49.958927154541,949.476440429688,1523.12438964844,1498.78259277344,26624.0,-1.30757428455434e+28,1035.423828125
394,"2023-11-02 10:43:30.453817",0.0,1.0,0.0,248.711120605469,49.9625396728516,949.572387695313,1523.22033691406,1498.88415527344,26752.0,-1.33852278553648e+28,1035.49145507813
395,"2023-11-02 10:43:40.448042",,-0.821489095687866,335.459014892578,251.856719970703,49.9674034118652,949.572387695313,1523.22033691406,1499.02099609375,26752.0,-1.41589403799182e+28,1035.5380859375
396,"2023-11-02 10:43:44.509895",0.0,1.0,0.0,251.722534179688,49.9672660827637,949.658081054688,1523.31994628906,1499.07934570313,26880.0,-1.44684253897395e+28,1035.58447265625
397,"2023-11-02 10:43:54.486614",0.0,1.0,0.0,251.620971679688,49.9742164611816,,1523.33056640625,1499.25769042969,27008.0,-1.52421379142929e+28,1035.62731933594
398,"2023-11-02 10:43:58.576926",287.198699951172,-0.968939602375031,296.405151367188,251.480712890625,49.9789390563965,949.74609375,1523.41271972656,1499.3681640625,27136.0,-1.55516229241142e+28,1035.67053222656
399,"2023-11-02 10:44:02.678700",-62.8535079956055,-0.178924217820168,351.28564453125,251.375534057617,49.9797096252441,949.74609375,1523.41271972656,1499.39123535156,27136.0,-1.58611079339356e+28,1035.716796875
400,"2023-11-02 10:44:06.734897",0.0,1.0,0.0,251.304046630859,49.9807929992676,949.747436523438,1523.41589355469,1499.423828125,27264.0,-1.61705929437569e+28,1035.716796875
401,"2023-11-02 10:44:10.793935",0.0,1.0,0.0,251.258804321289,49.985164642334,949.820922851563,1523.50769042969,1499.55493164063,27392.0,-1.64800779535782e+28,1035.81042480469
402,"2023-11-02 10:44:14.900566",0.0,1.0,0.0,251.220794677734,49.9865951538086,949.838134765625,1523.61022949219,1499.59790039063,27520.0,-1.67895629633996e+28,1035.81982421875
403,"2023-11-02 10:44:19.017567",0.0,1.0,0.0,251.156967163086,49.9878234863281,949.838134765625,1523.61022949219,1499.634765625,27648.0,-1.70990479732209e+28,1035.85815429688
404,"2023-11-02 10:44:23.069574",-344.612701416016,1.0,0.0,251.132736206055,49.98486328125,949.908874511719,1523.70202636719,1499.5458984375,27776.0,-1.74085329830423e+28,1035.91259765625
405,"2023-11-02 10:44:27.137650",0.0,1.0,0.0,251.070251464844,49.9845352172852,949.913818359375,1523.80908203125,1499.56506347656,27776.0,-1.77180179928636e+28,1035.91259765625
406,"2023-11-02 10:44:31.202972",333.236541748047,-0.993834793567657,335.303771972656,251.058349609375,49.9821662902832,950.006408691406,1523.90209960938,1499.37390136719,27904.0,-1.8027503002685e+28,1035.96276855469
407,"2023-11-02 10:44:35.256920",-75.7641220092773,-0.141198858618736,536.577453613281,250.972244262695,49.9769592285156,950.006408691406,1523.90209960938,1499.2275390625,27904.0,-1.83369880125063e+28,1036.0
408,"2023-11-02 10:44:39.330233",0.0,1.0,0.0,250.86735534668,49.9708671569824,950.006408691406,1523.90209960938,1499.05615234375,27904.0,-1.8723844274783e+28,1036.00122070313
409,"2023-11-02 10:44:43.431611",0.0,1.0,0.0,250.839233398438,49.9644622802734,950.122375488281,1524.10339355469,1498.93823242188,28160.0,-1.90333292846043e+28,1036.06408691406
410,"2023-11-02 10:44:47.478968",0.0,1.0,0.0,250.804473876953,49.9629211425781,950.123413085938,1524.11486816406,1498.83276367188,28288.0,-1.93428142944257e+28,1036.06469726563
411,"2023-11-02 10:44:51.527367",72.6219329833984,-0.238424733281136,304.590606689453,250.771911621094,49.9623908996582,950.143615722656,1524.19958496094,1498.87170410156,28416.0,-1.9652299304247e+28,1036.07568359375
412,"2023-11-02 10:44:55.528550",-47.5780792236328,-0.130494713783264,364.597747802734,250.639022827148,49.9577827453613,950.143615722656,1524.19958496094,1498.73352050781,28416.0,-2.01165279995707e+28,1036.13159179688
